ticker,expiration_date,strike_price,contract_type,delta,gamma,theta,implied_volatility,volume,open_interest,bid,ask,mid_price,close_price,vega
RKLB,2025-11-14,25.0,CALL,1.0,0.0,-0.0034244863056506133,5.054691181640624,2.0,37,19.8,22.8,21.3,25.3,0.0
RKLB,2025-11-14,30.0,CALL,1.0,0.0,-0.004109383566780736,4.488285639648437,1.0,231,15.45,16.6,16.025,16.6,0.0
RKLB,2025-11-14,35.0,CALL,1.0,0.0,-0.004794280827910859,3.3828140429687497,1.0,110,10.6,12.85,11.725,11.73,0.0
RKLB,2025-11-14,38.0,CALL,1.0,0.0,-0.005205219184588932,2.49219126953125,2.0,47,7.4,9.85,8.625,11.05,0.0
RKLB,2025-11-14,38.5,CALL,1.0,0.0,-0.005273708910701945,2.373050942382812,106.0,97,6.9,9.35,8.125,11.78,0.0
RKLB,2025-11-14,39.0,CALL,1.0,0.0,-0.005342198636814958,2.3828165429687496,107.0,88,6.6,8.85,7.725,11.29,0.0
RKLB,2025-11-14,39.5,CALL,1.0,0.0,-0.005410688362927969,1.5273461132812498,8.0,8,5.8,7.65,6.725,10.99,0.0
RKLB,2025-11-14,40.0,CALL,1.0,0.0,-0.0054791780890409815,1.75390748046875,2.0,36,5.65,7.2,6.425000000000001,5.6,0.0
RKLB,2025-11-14,41.0,CALL,1.0,0.0,-0.005616157541267007,1.689454677734375,10.0,18,4.65,6.45,5.550000000000001,5.62,0.0
RKLB,2025-11-14,41.5,CALL,1.0,0.0,-0.0056846472673800184,1.685548447265625,6.0,13,3.85,6.45,5.15,5.09,0.0
RKLB,2025-11-14,42.0,CALL,1.0,0.0,-0.005753136993493031,1.0429735351562504,7.0,7,3.8,4.65,4.225,4.3,0.0
RKLB,2025-11-14,43.0,CALL,1.0,0.0,-0.005890116445719055,0.929688203125,1.0,8,2.93,3.65,3.29,3.16,0.0
RKLB,2025-11-14,43.5,CALL,1.0,0.0,-0.005958606171832068,1.67578287109375,10.0,28,2.71,4.7,3.705,8.45,0.0
RKLB,2025-11-14,44.0,CALL,1.0,0.0,-0.006027095897945081,1.1171919140625,1.0,2,2.52,2.91,2.715,11.1,0.0
RKLB,2025-11-14,44.5,CALL,1.0,0.0,-0.006095585624058092,1.087895185546875,24.0,17,2.21,2.48,2.3449999999999998,2.05,0.0
RKLB,2025-11-14,45.0,CALL,1.0,0.0,-0.0061640753501711045,1.0459032080078128,52.0,1109,1.88,2.08,1.98,1.8,0.0
RKLB,2025-11-14,46.0,CALL,0.9886301719565773,2.1009552034549146,-0.006808566627627224,0.97460962890625,215.0,81,1.24,1.44,1.3399999999999999,1.36,0.0004338398487916021
RKLB,2025-11-14,46.5,CALL,3.690704507880666e-227,8.2091038095291265e-224,-2.378052479131643e-227,0.9941406835937501,306.0,7,1.03,1.24,1.135,1.07,1.7291216334395645e-227
RKLB,2025-11-14,47.0,CALL,0.0,0.0,-0.0,0.9609378906249999,422.0,73,0.81,0.97,0.89,0.75,0.0
RKLB,2025-11-14,47.5,CALL,0.0,0.0,-0.0,0.9257819921875,510.0,127,0.6,0.75,0.675,0.6,0.0
RKLB,2025-11-14,48.0,CALL,0.0,0.0,-0.0,0.9785158398437501,277.0,118,0.52,0.67,0.595,0.56,0.0
RKLB,2025-11-14,48.5,CALL,0.0,0.0,-0.0,0.9492192578124999,126.0,51,0.38,0.5,0.44,0.45,0.0
RKLB,2025-11-14,49.0,CALL,0.0,0.0,-0.0,0.97460962890625,243.0,497,0.32,0.41,0.365,0.34,0.0
RKLB,2025-11-14,49.5,CALL,0.0,0.0,-0.0,1.0664109179687502,108.0,76,0.22,0.51,0.365,0.34,0.0
RKLB,2025-11-14,50.0,CALL,0.0,0.0,-0.0,0.992187578125,864.0,683,0.21,0.25,0.22999999999999998,0.22,0.0
RKLB,2025-11-14,51.0,CALL,0.0,0.0,-0.0,1.05078599609375,2227.0,535,0.12,0.21,0.16499999999999998,0.14,0.0
RKLB,2025-11-14,52.0,CALL,0.0,0.0,-0.0,1.0234423828125,496.0,1287,0.07,0.1,0.085,0.09,0.0
RKLB,2025-11-14,53.0,CALL,0.0,0.0,-0.0,1.0390673046875003,537.0,11800,0.04,0.06,0.05,0.06,0.0
RKLB,2025-11-14,54.0,CALL,0.0,0.0,-0.0,1.109379453125,246.0,1043,0.03,0.05,0.04,0.03,0.0
RKLB,2025-11-14,55.0,CALL,0.0,0.0,-0.0,1.15625421875,1803.0,12594,0.02,0.04,0.03,0.04,0.0
RKLB,2025-11-14,56.0,CALL,0.0,0.0,-0.0,1.2812535937499998,117.0,1715,0.03,0.04,0.035,0.05,0.0
RKLB,2025-11-14,57.0,CALL,0.0,0.0,-0.0,1.2812535937499998,493.0,6859,0.01,0.03,0.02,0.02,0.0
RKLB,2025-11-14,58.0,CALL,0.0,0.0,-0.0,1.3750031249999999,154.0,1045,0.01,0.03,0.02,0.02,0.0
RKLB,2025-11-14,59.0,CALL,0.0,0.0,-0.0,1.5937520312499998,75.0,1201,0.02,0.06,0.04,0.06,0.0
RKLB,2025-11-14,60.0,CALL,0.0,0.0,-0.0,1.484377578125,689.0,4301,0.01,0.02,0.015,0.01,0.0
RKLB,2025-11-14,61.0,CALL,0.0,0.0,-0.0,1.625001875,48.0,8390,0.0,0.04,0.02,0.03,0.0
RKLB,2025-11-14,62.0,CALL,0.0,0.0,-0.0,1.640626796875,62.0,1317,0.01,0.02,0.015,0.02,0.0
RKLB,2025-11-14,63.0,CALL,0.0,0.0,-0.0,1.78125109375,65.0,1116,0.01,0.03,0.02,0.02,0.0
RKLB,2025-11-14,64.0,CALL,0.0,0.0,-0.0,1.9062504687500001,48.0,1839,0.01,0.04,0.025,0.02,0.0
RKLB,2025-11-14,65.0,CALL,0.0,0.0,-0.0,1.875000625,167.0,4756,0.01,0.02,0.015,0.01,0.0
RKLB,2025-11-14,66.0,CALL,0.0,0.0,-0.0,1.75000125,114.0,629,0.0,0.01,0.005,0.01,0.0
RKLB,2025-11-14,66.5,CALL,0.0,0.0,-0.0,1.96875015625,1.0,267,0.0,0.03,0.015,0.04,0.0
RKLB,2025-11-14,67.0,CALL,0.0,0.0,-0.0,2.000005,1.0,425,0.0,0.03,0.015,0.03,0.0
RKLB,2025-11-14,67.5,CALL,0.0,0.0,-0.0,2.1093797265624996,49.0,274,0.0,0.04,0.02,0.04,0.0
RKLB,2025-11-14,68.0,CALL,0.0,0.0,-0.0,1.875000625,15.0,930,0.0,0.01,0.005,0.02,0.0
RKLB,2025-11-14,68.5,CALL,0.0,0.0,-0.0,1.875000625,3.0,240,0.0,0.01,0.005,0.01,0.0
RKLB,2025-11-14,69.0,CALL,0.0,0.0,-0.0,2.0625048437499998,30.0,523,0.0,0.02,0.01,0.01,0.0
RKLB,2025-11-14,70.0,CALL,0.0,0.0,-0.0,1.9375003125,56.0,2420,0.0,0.01,0.005,0.01,0.0
RKLB,2025-11-14,71.0,CALL,0.0,0.0,-0.0,2.1875045312499997,11.0,226,0.0,0.02,0.01,0.01,0.0
RKLB,2025-11-14,72.0,CALL,0.0,0.0,-0.0,2.2500043749999996,2.0,291,0.0,0.02,0.01,0.01,0.0
RKLB,2025-11-14,73.0,CALL,0.0,0.0,-0.0,2.1250046874999997,49.0,263,0.0,0.01,0.005,0.01,0.0
RKLB,2025-11-14,74.0,CALL,0.0,0.0,-0.0,2.1875045312499997,1.0,140,0.0,0.01,0.005,0.01,0.0
RKLB,2025-11-14,75.0,CALL,0.0,0.0,-0.0,2.2500043749999996,18.0,974,0.0,0.01,0.005,0.01,0.0
RKLB,2025-11-14,76.0,CALL,0.0,0.0,-0.0,2.468753828125,20.0,408,0.0,0.02,0.01,0.02,0.0
RKLB,2025-11-14,77.0,CALL,0.0,0.0,-0.0,2.5312536718749996,6.0,62,0.0,0.02,0.01,0.02,0.0
RKLB,2025-11-14,78.0,CALL,0.0,0.0,-0.0,2.3750040624999995,5.0,428,0.0,0.01,0.005,0.01,0.0
RKLB,2025-11-14,79.0,CALL,0.0,0.0,-0.0,2.50000375,3.0,519,0.0,0.01,0.005,0.01,0.0
RKLB,2025-11-14,80.0,CALL,0.0,0.0,-0.0,2.68750328125,11.0,1115,0.0,0.02,0.01,0.01,0.0
RKLB,2025-11-14,85.0,CALL,0.0,0.0,-0.0,2.750003125,40.0,2379,0.0,0.01,0.005,0.01,0.0
RKLB,2025-11-14,90.0,CALL,0.0,0.0,-0.0,3.50000125,3.0,390,0.0,0.05,0.025,0.07,0.0
RKLB,2025-11-14,93.0,CALL,0.0,0.0,-0.0,4.617191728515625,4.0,88,0.0,0.32,0.16,0.04,0.0
RKLB,2025-11-14,95.0,CALL,0.0,0.0,-0.0,4.726566591796875,5.0,120,0.0,0.32,0.16,0.01,0.0
RKLB,2025-11-14,100.0,CALL,0.0,0.0,-0.0,4.921878847656249,4.0,586,0.0,0.29,0.145,0.05,0.0
RKLB,2025-11-14,105.0,CALL,0.0,0.0,-0.0,5.062503671875,3.0,30,0.0,0.25,0.125,0.05,0.0
RKLB,2025-11-14,110.0,CALL,0.0,0.0,-0.0,3.750000625,6.0,445,0.0,0.01,0.005,0.01,0.0
RKLB,2025-11-21,25.0,CALL,1.0,0.0,-0.003421375190041234,1.5937520312499998,5.0,27,19.25,22.85,21.05,22.75,0.0
RKLB,2025-11-21,30.0,CALL,1.0,0.0,-0.004105650228049481,2.0117237207031247,1.0,56,15.15,17.85,16.5,26.45,0.0
RKLB,2025-11-21,35.0,CALL,1.0,0.0,-0.0047899252660577275,0.867188828125,13.0,163,10.55,11.6,11.075,11.06,0.0
RKLB,2025-11-21,39.0,CALL,1.0,0.0,-0.005337345296464326,0.94726615234375,32.0,57,6.95,7.95,7.45,7.45,0.0
RKLB,2025-11-21,40.0,CALL,1.0,0.0,-0.005474200304065974,0.8906260937499999,18.0,88,5.95,7.1,6.525,6.8,0.0
RKLB,2025-11-21,41.0,CALL,1.0,0.0,-0.005611055311667624,1.1318402783203125,1.0,9,4.7,7.75,6.225,6.1,0.0
RKLB,2025-11-21,42.0,CALL,1.0,0.0,-0.005747910319269273,0.901368173828125,5.0,64,4.65,5.35,5.0,5.03,0.0
RKLB,2025-11-21,43.0,CALL,1.0,0.0,-0.005884765326870923,0.9570316796874999,5.0,256,4.15,4.75,4.45,9.3,0.0
RKLB,2025-11-21,44.0,CALL,1.0,1.465212571163024e-263,-0.006021620334472572,0.9545902978515625,57.0,150,3.6,4.05,3.825,3.65,5.68335491158149e-266
RKLB,2025-11-21,45.0,CALL,1.0,7.655501203753748e-70,-0.0061584753420742214,0.9492192578124999,143.0,145,3.1,3.4,3.25,3.25,2.952754194316029e-72
RKLB,2025-11-21,46.0,CALL,0.8894440700825507,3.112485524998093,-0.006415084429560229,0.9511723632812499,178.0,288,2.68,2.83,2.755,2.53,0.012029669308476194
RKLB,2025-11-21,47.0,CALL,9.00620597407755e-53,2.29521001399844e-50,-6.483953399744212e-54,0.9423833886718749,341.0,335,2.2,2.37,2.285,2.15,8.788953720641903e-53
RKLB,2025-11-21,48.0,CALL,8.047394430401354e-222,4.314034492724955e-219,-1.1352398308413474e-222,0.930664755859375,1494.0,393,1.81,1.92,1.865,1.75,1.6314133282594395e-221
RKLB,2025-11-21,49.0,CALL,0.0,0.0,-0.0,0.93164130859375,468.0,576,1.46,1.61,1.5350000000000001,1.35,0.0
RKLB,2025-11-21,50.0,CALL,0.0,0.0,-0.0,0.92187578125,1396.0,3147,1.2,1.25,1.225,1.11,0.0
RKLB,2025-11-21,55.0,CALL,0.0,0.0,-0.0,0.9687503125,1782.0,4562,0.43,0.48,0.45499999999999996,0.45,0.0
RKLB,2025-11-21,56.0,CALL,0.0,0.0,-0.0,0.9804689453125001,247.0,415,0.31,0.44,0.375,0.43,0.0
RKLB,2025-11-21,57.0,CALL,0.0,0.0,-0.0,0.9882813671875,260.0,605,0.28,0.33,0.30500000000000005,0.29,0.0
RKLB,2025-11-21,58.0,CALL,0.0,0.0,-0.0,1.001958115234375,200.0,970,0.23,0.28,0.255,0.25,0.0
RKLB,2025-11-21,59.0,CALL,0.0,0.0,-0.0,1.0429735351562504,419.0,1549,0.24,0.24,0.24,0.24,0.0
RKLB,2025-11-21,60.0,CALL,0.0,0.0,-0.0,1.0351610742187503,700.0,2974,0.17,0.2,0.185,0.19,0.0
RKLB,2025-11-21,61.0,CALL,0.0,0.0,-0.0,1.0546922265625,100.0,446,0.13,0.19,0.16,0.15,0.0
RKLB,2025-11-21,62.0,CALL,0.0,0.0,-0.0,1.0664109179687502,191.0,694,0.13,0.14,0.135,0.15,0.0
RKLB,2025-11-21,63.0,CALL,0.0,0.0,-0.0,1.1484417578125,814.0,813,0.12,0.2,0.16,0.13,0.0
RKLB,2025-11-21,64.0,CALL,0.0,0.0,-0.0,1.478518232421875,88.0,472,0.1,0.78,0.44,0.13,0.0
RKLB,2025-11-21,65.0,CALL,0.0,0.0,-0.0,1.1484417578125,257.0,4628,0.1,0.11,0.10500000000000001,0.11,0.0
RKLB,2025-11-21,66.0,CALL,0.0,0.0,-0.0,1.125004375,47.0,251,0.0,0.15,0.075,0.1,0.0
RKLB,2025-11-21,66.5,CALL,0.0,0.0,-0.0,1.3222690136718749,9.0,157,0.05,0.3,0.175,0.09,0.0
RKLB,2025-11-21,67.0,CALL,0.0,0.0,-0.0,1.2460975195312498,24.0,529,0.05,0.18,0.11499999999999999,0.07,0.0
RKLB,2025-11-21,67.5,CALL,0.0,0.0,-0.0,1.3027378613281246,33.0,547,0.08,0.19,0.135,0.2,0.0
RKLB,2025-11-21,68.0,CALL,0.0,0.0,-0.0,1.3046909765624997,5.0,357,0.07,0.18,0.125,0.25,0.0
RKLB,2025-11-21,68.5,CALL,0.0,0.0,-0.0,1.4902369238281248,3.0,68,0.0,0.48,0.24,0.28,0.0
RKLB,2025-11-21,69.0,CALL,0.0,0.0,-0.0,1.3789093554687497,10.0,465,0.0,0.29,0.145,0.11,0.0
RKLB,2025-11-21,70.0,CALL,0.0,0.0,-0.0,1.2773473632812498,282.0,3923,0.06,0.09,0.075,0.06,0.0
RKLB,2025-11-21,71.0,CALL,0.0,0.0,-0.0,1.3125034374999998,31.0,195,0.05,0.1,0.07500000000000001,0.06,0.0
RKLB,2025-11-21,72.0,CALL,0.0,0.0,-0.0,1.3203158984374999,17.0,134,0.03,0.1,0.065,0.08,0.0
RKLB,2025-11-21,73.0,CALL,0.0,0.0,-0.0,1.4609401953124999,3.0,171,0.05,0.17,0.11000000000000001,0.21,0.0
RKLB,2025-11-21,74.0,CALL,0.0,0.0,-0.0,1.6386736816406249,1.0,143,0.0,0.38,0.19,0.38,0.0
RKLB,2025-11-21,75.0,CALL,0.0,0.0,-0.0,1.3281283593749997,23.0,5243,0.03,0.05,0.04,0.05,0.0
RKLB,2025-11-21,76.0,CALL,0.0,0.0,-0.0,1.7265638671875,4.0,139,0.0,0.4,0.2,0.3,0.0
RKLB,2025-11-21,77.0,CALL,0.0,0.0,-0.0,2.2197310131835932,9.0,23,0.0,1.27,0.635,0.44,0.0
RKLB,2025-11-21,78.0,CALL,0.0,0.0,-0.0,2.0175830810546875,10.0,93,0.0,0.75,0.375,0.25,0.0
RKLB,2025-11-21,79.0,CALL,0.0,0.0,-0.0,1.89453177734375,100.0,117,0.0,0.49,0.245,0.5,0.0
RKLB,2025-11-21,80.0,CALL,0.0,0.0,-0.0,1.5546897265624997,6.0,2970,0.02,0.1,0.060000000000000005,0.1,0.0
RKLB,2025-11-21,85.0,CALL,0.0,0.0,-0.0,1.3906280468749999,215.0,953,0.0,0.02,0.01,0.01,0.0
RKLB,2025-11-21,90.0,CALL,0.0,0.0,-0.0,1.6875015625,6.0,759,0.01,0.05,0.030000000000000002,0.02,0.0
RKLB,2025-11-21,95.0,CALL,0.0,0.0,-0.0,1.765626171875,3.0,2944,0.0,0.05,0.025,0.05,0.0
RKLB,2025-11-21,100.0,CALL,0.0,0.0,-0.0,1.71875140625,13.0,1583,0.0,0.02,0.01,0.01,0.0
RKLB,2025-11-21,105.0,CALL,0.0,0.0,-0.0,2.3125042187499996,11.0,186,0.0,0.2,0.1,0.05,0.0
RKLB,2025-11-21,110.0,CALL,0.0,0.0,-0.0,1.875000625,2.0,1627,0.0,0.02,0.01,0.01,0.0
RKLB,2025-11-28,35.0,CALL,1.0,0.0,-0.004785334388492937,0.87695435546875,10.0,0,10.65,11.85,11.25,11.42,0.0
RKLB,2025-11-28,40.0,CALL,1.0,0.0,-0.005468953586849071,1.0781296093750001,5.0,4,6.35,8.85,7.6,24.94,0.0
RKLB,2025-11-28,45.0,CALL,1.0,2.542889205453553e-46,-0.006152572785205205,0.858399853515625,5.0,156,3.6,4.0,3.8,3.75,1.7739206694717133e-48
RKLB,2025-11-28,46.0,CALL,0.933140333145199,1.6420373504794474,-0.006232692268750822,0.8754895263671875,27.0,2,3.2,3.55,3.375,3.34,0.011682912054423527
RKLB,2025-11-28,47.0,CALL,8.376589380378929e-29,1.1880953297154789e-26,-3.156475460458789e-30,0.8730481445312499,27.0,5,2.8,3.05,2.925,2.82,8.429592941855727e-29
RKLB,2025-11-28,48.0,CALL,1.2915445948978587e-116,3.694860497710651e-114,-9.320761468497491e-118,0.8906260937499999,110.0,14,2.48,2.71,2.5949999999999998,2.49,2.6743028180015065e-116
RKLB,2025-11-28,49.0,CALL,8.501191509767893e-270,3.751679976780524e-267,-9.013019414763255e-271,0.8823253955078124,35.0,12,2.13,2.29,2.21,2.03,2.6901202018240697e-269
RKLB,2025-11-28,50.0,CALL,0.0,0.0,-0.0,0.8818371191406249,563.0,174,1.79,2.0,1.895,1.89,0.0
RKLB,2025-11-28,51.0,CALL,0.0,0.0,-0.0,0.8940440283203124,124.0,347,1.56,1.76,1.6600000000000001,1.5,0.0
RKLB,2025-11-28,52.0,CALL,0.0,0.0,-0.0,0.8862316064453124,149.0,248,1.32,1.46,1.3900000000000001,1.3,0.0
RKLB,2025-11-28,53.0,CALL,0.0,0.0,-0.0,0.8964854101562498,14.0,96,1.14,1.28,1.21,1.15,0.0
RKLB,2025-11-28,54.0,CALL,0.0,0.0,-0.0,0.901368173828125,12.0,151,0.95,1.13,1.04,0.99,0.0
RKLB,2025-11-28,55.0,CALL,0.0,0.0,-0.0,0.9077157666015624,416.0,819,0.82,0.97,0.895,0.88,0.0
RKLB,2025-11-28,56.0,CALL,0.0,0.0,-0.0,0.9160164648437501,34.0,274,0.68,0.87,0.775,0.72,0.0
RKLB,2025-11-28,57.0,CALL,0.0,0.0,-0.0,0.918946123046875,6.0,143,0.6,0.72,0.6599999999999999,0.72,0.0
RKLB,2025-11-28,58.0,CALL,0.0,0.0,-0.0,0.9267585449218749,35.0,108,0.5,0.64,0.5700000000000001,0.54,0.0
RKLB,2025-11-28,59.0,CALL,0.0,0.0,-0.0,0.9726565234375,11.0,131,0.42,0.72,0.57,0.52,0.0
RKLB,2025-11-28,60.0,CALL,0.0,0.0,-0.0,0.991211025390625,143.0,4343,0.4,0.64,0.52,0.43,0.0
RKLB,2025-11-28,61.0,CALL,0.0,0.0,-0.0,0.963867548828125,18.0,168,0.31,0.48,0.395,0.47,0.0
RKLB,2025-11-28,62.0,CALL,0.0,0.0,-0.0,0.9853517089843751,7.0,233,0.29,0.44,0.365,0.4,0.0
RKLB,2025-11-28,63.0,CALL,0.0,0.0,-0.0,1.0068409033203123,25.0,648,0.3,0.38,0.33999999999999997,0.31,0.0
RKLB,2025-11-28,64.0,CALL,0.0,0.0,-0.0,0.9960937890625,18.0,98,0.21,0.34,0.275,0.28,0.0
RKLB,2025-11-28,65.0,CALL,0.0,0.0,-0.0,1.0429735351562504,56.0,455,0.21,0.37,0.29,0.34,0.0
RKLB,2025-11-28,66.0,CALL,0.0,0.0,-0.0,1.0371141894531253,8.0,833,0.04,0.44,0.24,0.24,0.0
RKLB,2025-11-28,67.0,CALL,0.0,0.0,-0.0,1.0605515722656251,2.0,449,0.02,0.44,0.23,0.23,0.0
RKLB,2025-11-28,68.0,CALL,0.0,0.0,-0.0,1.115238798828125,8.0,225,0.11,0.4,0.255,0.15,0.0
RKLB,2025-11-28,69.0,CALL,0.0,0.0,-0.0,1.2529334228515623,1.0,275,0.03,0.75,0.39,0.51,0.0
RKLB,2025-11-28,70.0,CALL,0.0,0.0,-0.0,1.1035201074218752,69.0,724,0.08,0.28,0.18000000000000002,0.19,0.0
RKLB,2025-11-28,71.0,CALL,0.0,0.0,-0.0,1.2841832666015622,31.0,88,0.01,0.68,0.34500000000000003,0.3,0.0
RKLB,2025-11-28,72.0,CALL,0.0,0.0,-0.0,1.3066440917968747,1.0,161,0.01,0.66,0.335,0.46,0.0
RKLB,2025-11-28,73.0,CALL,0.0,0.0,-0.0,1.5166039794921873,46.0,63,0.0,1.19,0.595,0.33,0.0
RKLB,2025-11-28,74.0,CALL,0.0,0.0,-0.0,1.5507834960937497,30.0,62,0.0,1.2,0.6,0.58,0.0
RKLB,2025-11-28,75.0,CALL,0.0,0.0,-0.0,1.1328168359375002,100.0,641,0.07,0.13,0.1,0.1,0.0
RKLB,2025-11-28,76.0,CALL,0.0,0.0,-0.0,1.4570339648437498,1.0,61,0.0,0.75,0.375,0.4,0.0
RKLB,2025-11-28,77.0,CALL,0.0,0.0,-0.0,1.5136743066406249,40.0,42,0.0,0.82,0.41,0.58,0.0
RKLB,2025-11-28,78.0,CALL,0.0,0.0,-0.0,1.537111689453125,1.0,34,0.0,0.81,0.405,0.53,0.0
RKLB,2025-11-28,79.0,CALL,0.0,0.0,-0.0,1.4941431542968748,1.0,37,0.0,0.64,0.32,0.69,0.0
RKLB,2025-11-28,80.0,CALL,0.0,0.0,-0.0,1.2871129394531249,12.0,326,0.0,0.24,0.12,0.12,0.0
RKLB,2025-11-28,85.0,CALL,0.0,0.0,-0.0,1.6953140234375002,1.0,158,0.0,0.75,0.375,0.12,0.0
RKLB,2025-11-28,90.0,CALL,0.0,0.0,-0.0,1.5136743066406249,159.0,145,0.0,0.25,0.125,0.1,0.0
RKLB,2025-11-28,95.0,CALL,0.0,0.0,-0.0,1.853516357421875,20.0,122,0.0,0.61,0.305,0.18,0.0
RKLB,2025-11-28,100.0,CALL,0.0,0.0,-0.0,1.8710943945312501,10.0,155,0.05,0.42,0.235,0.07,0.0
RKLB,2025-11-28,105.0,CALL,0.0,0.0,-0.0,2.330082299804687,3.0,51,0.0,1.24,0.62,0.06,0.0
RKLB,2025-11-28,110.0,CALL,0.0,0.0,-0.0,1.8046884765624998,12.0,272,0.01,0.18,0.095,0.06,0.0
RKLB,2025-12-05,35.0,CALL,1.0,0.0,-0.004780747911029535,1.1455120849609375,2.0,20,10.75,13.4,12.075,12.7,0.0
RKLB,2025-12-05,45.0,CALL,1.0,1.1569442859611008e-31,-0.006146675885609402,0.8823253955078124,155.0,979,4.25,4.85,4.55,4.57,1.244370208271213e-33
RKLB,2025-12-05,46.0,CALL,0.9492018959932291,1.0520650100954259,-0.006209552798780198,0.8991709301757811,4.0,13,4.05,4.25,4.15,4.45,0.011531696795386608
RKLB,2025-12-05,47.0,CALL,5.3131458229933414e-18,4.775451791516313e-16,-1.3955318011800703e-19,0.8747571118164061,31.0,14,3.45,3.75,3.6,3.7,5.092257157294525e-18
RKLB,2025-12-05,48.0,CALL,6.4189562127309184e-74,1.1805988078597158e-71,-3.1585965041951397e-75,0.8964854101562498,61.0,24,3.15,3.45,3.3,3.25,1.2901908169678809e-73
RKLB,2025-12-05,49.0,CALL,7.6452335002890805e-171,2.160585321933814e-168,-5.486252508229064e-172,0.8933116137695312,18.0,23,2.79,3.05,2.92,3.7,2.352787919654174e-170
RKLB,2025-12-05,50.0,CALL,6.867017513638609e-299,2.550305995575815e-296,-6.446867785948868e-300,0.901368173828125,7.0,83,2.54,2.71,2.625,2.55,2.8022242790747847e-298
RKLB,2025-12-05,51.0,CALL,0.0,0.0,-0.0,0.9038095556640625,168.0,120,2.21,2.46,2.335,2.2,0.0
RKLB,2025-12-05,52.0,CALL,0.0,0.0,-0.0,0.903321279296875,16.0,131,1.94,2.18,2.06,1.93,0.0
RKLB,2025-12-05,53.0,CALL,0.0,0.0,-0.0,0.8916026464843749,8.0,67,1.59,1.95,1.77,1.71,0.0
RKLB,2025-12-05,54.0,CALL,0.0,0.0,-0.0,0.8945323046874999,15.0,32,1.39,1.74,1.565,1.73,0.0
RKLB,2025-12-05,55.0,CALL,0.0,0.0,-0.0,0.9135750830078125,195.0,971,1.32,1.56,1.44,1.37,0.0
RKLB,2025-12-05,56.0,CALL,0.0,0.0,-0.0,0.91211025390625,14.0,1564,1.18,1.34,1.26,1.3,0.0
RKLB,2025-12-05,57.0,CALL,0.0,0.0,-0.0,0.918946123046875,152.0,169,1.04,1.21,1.125,1.07,0.0
RKLB,2025-12-05,58.0,CALL,0.0,0.0,-0.0,0.9252937158203125,10.0,69,0.91,1.1,1.0050000000000001,0.98,0.0
RKLB,2025-12-05,59.0,CALL,0.0,0.0,-0.0,0.9257819921875,37.0,91,0.8,0.96,0.88,0.87,0.0
RKLB,2025-12-05,60.0,CALL,0.0,0.0,-0.0,0.9565434033203124,336.0,417,0.7,1.01,0.855,0.85,0.0
RKLB,2025-12-05,61.0,CALL,0.0,0.0,-0.0,0.8559584716796875,2.0,65,0.25,0.76,0.505,0.85,0.0
RKLB,2025-12-05,62.0,CALL,0.0,0.0,-0.0,0.9423833886718749,13.0,61,0.56,0.69,0.625,0.61,0.0
RKLB,2025-12-05,63.0,CALL,0.0,0.0,-0.0,0.9794923925781251,1.0,51,0.5,0.76,0.63,0.56,0.0
RKLB,2025-12-05,64.0,CALL,0.0,0.0,-0.0,0.9443364941406249,10.0,143,0.3,0.66,0.48,1.0,0.0
RKLB,2025-12-05,65.0,CALL,0.0,0.0,-0.0,0.956055126953125,11.0,254,0.33,0.55,0.44000000000000006,0.48,0.0
RKLB,2025-12-05,66.0,CALL,0.0,0.0,-0.0,0.9785158398437501,7.0,114,0.37,0.48,0.425,0.36,0.0
RKLB,2025-12-05,67.0,CALL,0.0,0.0,-0.0,1.1064497802734377,67.0,29,0.25,1.0,0.625,0.88,0.0
RKLB,2025-12-05,68.0,CALL,0.0,0.0,-0.0,1.01172369140625,8.0,74,0.13,0.63,0.38,0.62,0.0
RKLB,2025-12-05,69.0,CALL,0.0,0.0,-0.0,1.12109814453125,2.0,35,0.16,0.9,0.53,0.75,0.0
RKLB,2025-12-05,70.0,CALL,0.0,0.0,-0.0,1.0351610742187503,28.0,216,0.3,0.36,0.32999999999999996,0.3,0.0
RKLB,2025-12-05,71.0,CALL,0.0,0.0,-0.0,1.05078599609375,3.0,65,0.07,0.56,0.31500000000000006,0.3,0.0
RKLB,2025-12-05,72.0,CALL,0.0,0.0,-0.0,0.9873048144531251,1.0,72,0.02,0.38,0.2,0.38,0.0
RKLB,2025-12-05,73.0,CALL,0.0,0.0,-0.0,1.1660197949218751,5.0,29,0.08,0.75,0.415,1.15,0.0
RKLB,2025-12-05,74.0,CALL,0.0,0.0,-0.0,1.0351610742187503,6.0,35,0.06,0.34,0.2,0.29,0.0
RKLB,2025-12-05,75.0,CALL,0.0,0.0,-0.0,1.1611370068359377,14.0,89,0.07,0.59,0.32999999999999996,0.23,0.0
RKLB,2025-12-05,76.0,CALL,0.0,0.0,-0.0,1.228519482421875,1.0,5,0.04,0.75,0.395,0.78,0.0
RKLB,2025-12-05,77.0,CALL,0.0,0.0,-0.0,1.2255898095703124,37.0,67,0.05,0.66,0.35500000000000004,0.9,0.0
RKLB,2025-12-05,80.0,CALL,0.0,0.0,-0.0,1.111332568359375,6.0,244,0.05,0.25,0.15,0.15,0.0
RKLB,2025-12-05,85.0,CALL,0.0,0.0,-0.0,1.3925811621093749,2.0,72,0.0,0.69,0.345,0.39,0.0
RKLB,2025-12-05,90.0,CALL,0.0,0.0,-0.0,1.3515657421874998,5.0,437,0.05,0.34,0.195,0.15,0.0
RKLB,2025-12-12,35.0,CALL,1.0,0.0,-0.004776165829450269,1.0371141894531253,6.0,24,10.65,13.7,12.175,12.9,0.0
RKLB,2025-12-12,40.0,CALL,1.0,0.0,-0.00545847523365745,0.9028330029296875,1.0,21,6.2,9.95,8.075,17.15,0.0
RKLB,2025-12-12,45.0,CALL,1.0,5.394160521047275e-25,-0.006140784637864632,0.8940440283203124,1.0,4,5.0,5.35,5.175,5.1,7.838444533841358e-27
RKLB,2025-12-12,47.0,CALL,1.9107656817451783e-12,1.199703614301026e-10,-3.930199530304674e-14,0.88476677734375,68.0,3,4.05,4.4,4.225,4.2,1.725241476975814e-12
RKLB,2025-12-12,48.0,CALL,3.7900102548151043e-54,5.184043029625057e-52,-1.429813951503058e-55,0.8896495410156249,14.0,19,3.7,4.0,3.85,4.49,7.496087950072197e-54
RKLB,2025-12-12,49.0,CALL,2.497455592386598e-127,5.323499787923308e-125,-1.364314483494599e-128,0.883790224609375,9.0,9,3.3,3.6,3.45,3.35,7.64704333683614e-127
RKLB,2025-12-12,50.0,CALL,1.8244657387622047e-219,5.022106875399991e-217,-1.2992988386684468e-220,0.901368173828125,16.0,25,3.05,3.35,3.2,3.66,7.357584981445492e-219
RKLB,2025-12-12,51.0,CALL,0.0,0.0,-0.0,0.9008798974609374,12.0,744,2.77,3.0,2.885,2.77,0.0
RKLB,2025-12-12,52.0,CALL,0.0,0.0,-0.0,0.911133701171875,20.0,68,2.52,2.78,2.65,2.59,0.0
RKLB,2025-12-12,53.0,CALL,0.0,0.0,-0.0,0.8735364208984374,2.0,41,1.88,2.53,2.205,2.78,0.0
RKLB,2025-12-12,54.0,CALL,0.0,0.0,-0.0,0.9067392138671875,15.0,79,2.0,2.25,2.125,2.1,0.0
RKLB,2025-12-12,55.0,CALL,0.0,0.0,-0.0,0.8393570751953124,8.0,71,1.23,1.99,1.6099999999999999,1.85,0.0
RKLB,2025-12-12,56.0,CALL,0.0,0.0,-0.0,0.9125985302734375,3.0,43,1.62,1.85,1.735,1.68,0.0
RKLB,2025-12-12,57.0,CALL,0.0,0.0,-0.0,0.9160164648437501,54.0,32,1.47,1.67,1.5699999999999998,1.53,0.0
RKLB,2025-12-12,58.0,CALL,0.0,0.0,-0.0,0.87500125,2.0,30,1.01,1.48,1.245,1.7,0.0
RKLB,2025-12-12,59.0,CALL,0.0,0.0,-0.0,0.9311530322265625,7.0,20,1.2,1.43,1.315,1.33,0.0
RKLB,2025-12-12,60.0,CALL,0.0,0.0,-0.0,0.9370123486328125,85.0,157,1.09,1.31,1.2000000000000002,1.16,0.0
RKLB,2025-12-12,61.0,CALL,0.0,0.0,-0.0,0.8911143701171874,1.0,49,0.63,1.21,0.9199999999999999,1.53,0.0
RKLB,2025-12-12,62.0,CALL,0.0,0.0,-0.0,0.8105487695312499,33.0,59,0.09,1.08,0.5850000000000001,1.8,0.0
RKLB,2025-12-12,63.0,CALL,0.0,0.0,-0.0,0.938477177734375,5.0,75,0.38,1.35,0.865,0.98,0.0
RKLB,2025-12-12,64.0,CALL,0.0,0.0,-0.0,1.0488328808593752,1.0,21,0.73,1.51,1.12,1.95,0.0
RKLB,2025-12-12,65.0,CALL,0.0,0.0,-0.0,1.0351610742187503,22.0,178,0.65,1.3,0.9750000000000001,0.75,0.0
RKLB,2025-12-12,66.0,CALL,0.0,0.0,-0.0,1.0283251708984378,43.0,176,0.08,1.65,0.865,1.27,0.0
RKLB,2025-12-12,67.0,CALL,0.0,0.0,-0.0,1.1035201074218752,5.0,73,0.01,2.0,1.005,2.75,0.0
RKLB,2025-12-12,69.0,CALL,0.0,0.0,-0.0,1.0610398510742187,2.0,23,0.25,1.2,0.725,1.7,0.0
RKLB,2025-12-12,70.0,CALL,0.0,0.0,-0.0,0.9335944140625,12.0,116,0.08,0.68,0.38,0.52,0.0
RKLB,2025-12-12,71.0,CALL,0.0,0.0,-0.0,1.0986373193359378,5.0,63,0.15,1.23,0.69,1.25,0.0
RKLB,2025-12-12,72.0,CALL,0.0,0.0,-0.0,1.0615281298828125,3.0,57,0.1,0.99,0.545,0.53,0.0
RKLB,2025-12-12,73.0,CALL,0.0,0.0,-0.0,1.3535188574218748,1.0,10,0.05,2.5,1.275,1.05,0.0
RKLB,2025-12-12,74.0,CALL,0.0,0.0,-0.0,1.0537156689453124,1.0,4,0.02,0.85,0.435,1.16,0.0
RKLB,2025-12-12,75.0,CALL,0.0,0.0,-0.0,1.0703171484375003,106.0,169,0.35,0.5,0.425,0.37,0.0
RKLB,2025-12-12,76.0,CALL,0.0,0.0,-0.0,1.1181684716796876,,1,0.1,0.85,0.475,3.45,0.0
RKLB,2025-12-12,77.0,CALL,0.0,0.0,-0.0,1.11328568359375,1.0,13,0.05,0.8,0.42500000000000004,1.28,0.0
RKLB,2025-12-12,80.0,CALL,0.0,0.0,-0.0,1.162113564453125,3.0,93,0.2,0.61,0.405,0.3,0.0
RKLB,2025-12-12,85.0,CALL,0.0,0.0,-0.0,1.5825216186523434,50.0,159,0.0,2.27,1.135,0.37,0.0
RKLB,2025-12-12,90.0,CALL,0.0,0.0,-0.0,1.3007847460937496,20.0,324,0.05,0.63,0.34,0.25,0.0
RKLB,2025-12-19,1.0,CALL,1.0,0.0,-0.00013633108970119795,4.937503828124999,10.0,4,43.2,46.9,45.05,55.98,0.0
RKLB,2025-12-19,2.0,CALL,1.0,0.0,-0.0002726621794023959,1.0000000000000003e-05,2.0,2,0.0,0.0,0.0,43.0,0.0
RKLB,2025-12-19,3.0,CALL,1.0,0.0,-0.00040899326910359387,13.03125185546875,2.0,198,43.9,47.4,45.65,43.83,0.0
RKLB,2025-12-19,4.0,CALL,1.0,0.0,-0.0005453243588047918,3.5312511718749997,1.0,7,40.25,43.95,42.1,53.38,0.0
RKLB,2025-12-19,5.0,CALL,1.0,0.0,-0.0006816554485059896,7.914062607421874,2.0,14,41.6,45.45,43.525000000000006,41.71,0.0
RKLB,2025-12-19,6.0,CALL,1.0,0.0,-0.0008179865382071877,3.99218751953125,1.0,6,36.6,40.45,38.525000000000006,33.17,0.0
RKLB,2025-12-19,7.0,CALL,1.0,0.0,-0.0009543176279083855,1.0000000000000003e-05,4.0,177,0.0,0.0,0.0,41.15,0.0
RKLB,2025-12-19,8.0,CALL,1.0,0.0,-0.0010906487176095836,2.7890655273437504,1.0,1,36.3,40.05,38.175,42.5,0.0
RKLB,2025-12-19,9.0,CALL,1.0,0.0,-0.0012269798073107814,5.3242220947265615,1.0,3,39.3,39.7,39.5,34.6,0.0
RKLB,2025-12-19,10.0,CALL,1.0,0.0,-0.0013633108970119792,3.5332042919921873,10.0,135,35.9,37.9,36.9,37.26,0.0
RKLB,2025-12-19,11.0,CALL,1.0,0.0,-0.0014996419867131772,2.3476603808593746,6.0,6,33.3,37.1,35.2,46.48,0.0
RKLB,2025-12-19,12.0,CALL,1.0,0.0,-0.0016359730764143755,3.0957053857421872,1.0,340,33.9,35.85,34.875,36.0,0.0
RKLB,2025-12-19,13.0,CALL,1.0,0.0,-0.001772304166115573,1.8203133984375,5.0,29,31.2,35.0,33.1,49.6,0.0
RKLB,2025-12-19,14.0,CALL,1.0,0.0,-0.001908635255816771,1.0000000000000003e-05,6.0,0,0.0,0.0,0.0,40.44,0.0
RKLB,2025-12-19,15.0,CALL,1.0,0.0,-0.002044966345517969,1.5312523437499999,20.0,990,30.5,31.65,31.075,31.0,0.0
RKLB,2025-12-19,16.0,CALL,1.0,0.0,-0.002181297435219167,1.6015644921874999,1.0,25,28.35,31.9,30.125,40.9,0.0
RKLB,2025-12-19,17.0,CALL,1.0,0.0,-0.002317628524920365,1.5156274218749999,1.0,640,27.3,30.95,29.125,50.24,0.0
RKLB,2025-12-19,18.0,CALL,1.0,0.0,-0.0024539596146215628,1.171879140625,1.0,61,26.15,29.95,28.049999999999997,29.57,0.0
RKLB,2025-12-19,19.0,CALL,1.0,0.0,-0.002590290704322761,2.7031282421875,1.0,45,28.0,29.85,28.925,20.56,0.0
RKLB,2025-12-19,20.0,CALL,1.0,0.0,-0.0027266217940239584,1.9082035839843752,1.0,3026,25.45,28.0,26.725,27.3,0.0
RKLB,2025-12-19,21.0,CALL,1.0,0.0,-0.0028629528837251566,1.435549697265625,4.0,61,23.45,27.1,25.275,36.07,0.0
RKLB,2025-12-19,22.0,CALL,1.0,0.0,-0.0029992839734263544,1.734376328125,1.0,658,23.45,26.05,24.75,26.95,0.0
RKLB,2025-12-19,23.0,CALL,1.0,0.0,-0.0031356150631275522,1.689454677734375,2.0,151,22.6,25.05,23.825000000000003,41.25,0.0
RKLB,2025-12-19,24.0,CALL,1.0,0.0,-0.003271946152828751,1.419924775390625,1.0,109,21.0,24.05,22.525,23.83,0.0
RKLB,2025-12-19,25.0,CALL,1.0,0.0,-0.0034082772425299483,1.0429735351562504,5.0,1410,20.5,21.85,21.175,22.91,0.0
RKLB,2025-12-19,26.0,CALL,1.0,0.0,-0.003544608332231146,1.4892603662109374,10.0,308,19.7,22.15,20.924999999999997,25.0,0.0
RKLB,2025-12-19,27.0,CALL,1.0,0.0,-0.003680939421932344,1.41015919921875,6.0,687,18.65,21.2,19.924999999999997,27.24,0.0
RKLB,2025-12-19,28.0,CALL,1.0,0.0,-0.003817270511633542,1.3774445190429687,1.0,171,17.9,20.15,19.025,20.3,0.0
RKLB,2025-12-19,29.0,CALL,1.0,0.0,-0.00395360160133474,1.193363408203125,8.0,115,16.3,19.25,17.775,19.6,0.0
RKLB,2025-12-19,30.0,CALL,1.0,0.0,-0.004089932691035938,1.218265627441406,2.0,1373,15.9,18.1,17.0,23.79,0.0
RKLB,2025-12-19,31.0,CALL,1.0,0.0,-0.004226263780737136,1.0576218994140625,18.0,200,14.95,16.6,15.775,23.91,0.0
RKLB,2025-12-19,32.0,CALL,1.0,0.0,-0.004362594870438334,1.1821329956054685,2.0,459,14.1,16.5,15.3,19.52,0.0
RKLB,2025-12-19,33.0,CALL,1.0,0.0,-0.004498925960139532,0.937500625,8.0,704,13.25,14.35,13.8,13.93,0.0
RKLB,2025-12-19,34.0,CALL,1.0,0.0,-0.00463525704984073,1.129398884277344,1.0,2396,12.4,14.8,13.600000000000001,20.8,0.0
RKLB,2025-12-19,35.0,CALL,1.0,0.0,-0.004771588139541927,0.903321279296875,2.0,2692,11.6,12.55,12.075,13.2,0.0
RKLB,2025-12-19,36.0,CALL,1.0,0.0,-0.0049079192292431255,1.0634812451171878,2.0,2148,10.6,13.2,11.899999999999999,17.3,0.0
RKLB,2025-12-19,37.0,CALL,1.0,0.0,-0.005044250318944323,1.0747116577148441,3.0,424,10.05,12.45,11.25,15.8,0.0
RKLB,2025-12-19,38.0,CALL,1.0,0.0,-0.005180581408645522,1.0949752282714846,33.0,472,9.7,11.65,10.675,10.4,0.0
RKLB,2025-12-19,39.0,CALL,1.0,0.0,-0.00531691249834672,0.9023447265625,4.0,294,8.7,9.6,9.149999999999999,9.08,0.0
RKLB,2025-12-19,40.0,CALL,1.0,0.0,-0.005453243588047917,0.8920909228515624,31.0,2791,8.05,8.85,8.45,8.7,0.0
RKLB,2025-12-19,41.0,CALL,1.0,0.0,-0.0055895746777491154,0.901368173828125,1.0,113,7.5,8.25,7.875,8.82,0.0
RKLB,2025-12-19,42.0,CALL,1.0,1.5784458734859405e-266,-0.005725905767450313,0.8891612646484374,4.0,1714,7.1,7.35,7.225,7.1,2.851460491842691e-268
RKLB,2025-12-19,43.0,CALL,1.0,1.8950994740057904e-147,-0.00586223685715151,0.9040536938476562,53.0,280,6.6,6.9,6.75,7.25,3.4808344276627137e-149
RKLB,2025-12-19,44.0,CALL,1.0,5.096039995739127e-70,-0.005998567946852709,0.8989267919921874,60.0,1478,6.05,6.35,6.199999999999999,6.15,9.30709789649246e-72
RKLB,2025-12-19,45.0,CALL,1.0,8.328065435226046e-21,-0.006134899036553906,0.9101571484375,72.0,2032,5.65,5.9,5.775,5.63,1.5399890859127298e-22
RKLB,2025-12-19,46.0,CALL,0.9738169653471695,0.469802694553524,-0.006218186533692331,0.9072274902343749,25.0,373,5.15,5.45,5.300000000000001,5.2,0.008659420601083892
RKLB,2025-12-19,47.0,CALL,5.631034731486011e-09,2.556786214974441e-07,-9.666664930749109e-11,0.9079599047851561,70.0,1699,4.75,5.0,4.875,4.8,4.716482381302925e-09
RKLB,2025-12-19,48.0,CALL,8.393864155801147e-41,8.772441684063599e-39,-2.5888446725725068e-42,0.8994150683593749,32.0,537,4.3,4.55,4.425,4.4,1.6030157108058741e-40
RKLB,2025-12-19,49.0,CALL,2.246681544229964e-92,3.5103513684207017e-90,-9.965462097389914e-94,0.9160164648437501,156.0,1265,4.0,4.3,4.15,4.05,6.532975040067805e-92
RKLB,2025-12-19,50.0,CALL,7.581390390235594e-170,1.630200949531821e-167,-4.3681329589779085e-171,0.9067392138671875,450.0,6490,3.6,3.9,3.75,3.65,3.00317520448759e-169
RKLB,2025-12-19,55.0,CALL,0.0,0.0,-0.0,0.9311530322265625,569.0,4429,2.4,2.6,2.5,2.42,0.0
RKLB,2025-12-19,60.0,CALL,0.0,0.0,-0.0,0.958740646972656,527.0,4331,1.63,1.76,1.6949999999999998,1.71,0.0
RKLB,2025-12-19,65.0,CALL,0.0,0.0,-0.0,0.9697268652343749,589.0,4523,1.05,1.17,1.1099999999999999,1.08,0.0
RKLB,2025-12-19,70.0,CALL,0.0,0.0,-0.0,0.999023447265625,384.0,4480,0.71,0.86,0.7849999999999999,0.75,0.0
RKLB,2025-12-19,75.0,CALL,0.0,0.0,-0.0,1.052739111328125,285.0,2963,0.54,0.72,0.63,0.6,0.0
RKLB,2025-12-19,80.0,CALL,0.0,0.0,-0.0,1.0771530517578127,195.0,10686,0.43,0.5,0.46499999999999997,0.45,0.0
RKLB,2025-12-19,85.0,CALL,0.0,0.0,-0.0,1.0976607617187502,24.0,1193,0.31,0.38,0.345,0.35,0.0
RKLB,2025-12-19,90.0,CALL,0.0,0.0,-0.0,1.1171919140625,28.0,1322,0.2,0.32,0.26,0.26,0.0
RKLB,2025-12-19,95.0,CALL,0.0,0.0,-0.0,1.1748088134765624,17.0,352,0.02,0.47,0.245,0.24,0.0
RKLB,2025-12-19,100.0,CALL,0.0,0.0,-0.0,1.21875390625,39.0,2927,0.2,0.24,0.22,0.22,0.0
RKLB,2025-12-19,105.0,CALL,0.0,0.0,-0.0,1.25390998046875,25.0,528,0.14,0.25,0.195,0.25,0.0
RKLB,2025-12-19,110.0,CALL,0.0,0.0,-0.0,1.2851598242187499,4.0,1515,0.15,0.19,0.16999999999999998,0.41,0.0
RKLB,2025-12-26,45.0,CALL,1.0,2.0178664648578216e-19,-0.006129019076265434,0.8911143701171874,3.0,13,5.6,6.65,6.125,7.7,4.383936407115994e-21
RKLB,2025-12-26,46.0,CALL,0.9825765686817939,0.30791969414321635,-0.006226905642004757,0.8955088574218748,4.0,54,5.3,6.1,5.699999999999999,5.57,0.0067227309111005116
RKLB,2025-12-26,47.0,CALL,3.749308970058065e-07,1.3712419175461745e-05,-5.582299728068409e-09,0.8994150683593749,39.0,8,4.8,5.8,5.3,5.17,3.0068559012051973e-07
RKLB,2025-12-26,48.0,CALL,4.399586363199373e-34,3.9067932164355904e-32,-1.1547308390221173e-35,0.8796398754882812,2.0,0,4.4,5.15,4.775,4.95,8.378450517446631e-34
RKLB,2025-12-26,49.0,CALL,5.487935793283651e-79,7.428109864486713e-77,-2.057987423205934e-80,0.8911143701171874,1.0,3,4.1,4.85,4.475,7.63,1.6138015987730505e-78
RKLB,2025-12-26,50.0,CALL,6.891092611111457e-141,1.2412273818861188e-138,-3.345577260175195e-142,0.8989267919921874,43.0,44,3.8,4.55,4.175,4.12,2.7202827524148462e-140
RKLB,2025-12-26,51.0,CALL,1.5521324086591927e-187,2.971167511052896e-185,-9.219103931917774e-189,0.9775392871093751,6.0,141,2.84,5.85,4.345,4.07,7.081083797917547e-187
RKLB,2025-12-26,52.0,CALL,2.0019062898732327e-279,4.774146612432934e-277,-1.4018356379730625e-280,0.9594730615234374,4.0,69,3.35,4.5,3.925,4.0,1.1167781633536833e-278
RKLB,2025-12-26,53.0,CALL,0.0,0.0,-0.0,0.940430283203125,8.0,54,2.94,4.1,3.5199999999999996,3.9,0.0
RKLB,2025-12-26,54.0,CALL,0.0,0.0,-0.0,0.9067392138671875,18.0,80,2.6,3.5,3.05,3.17,0.0
RKLB,2025-12-26,55.0,CALL,0.0,0.0,-0.0,0.9106454248046875,60.0,231,2.56,3.1,2.83,2.9,0.0
RKLB,2025-12-26,56.0,CALL,0.0,0.0,-0.0,0.983398603515625,140.0,67,2.35,3.7,3.0250000000000004,2.65,0.0
RKLB,2025-12-26,57.0,CALL,0.0,0.0,-0.0,0.9145516357421876,4.0,18,2.02,2.81,2.415,2.87,0.0
RKLB,2025-12-26,58.0,CALL,0.0,0.0,-0.0,0.9184578466796876,3.0,15,1.03,3.45,2.24,2.75,0.0
RKLB,2025-12-26,60.0,CALL,0.0,0.0,-0.0,0.9355475195312499,33.0,155,1.8,2.16,1.98,1.74,0.0
RKLB,2025-12-26,62.0,CALL,0.0,0.0,-0.0,0.9621585815429687,2.0,12,1.25,2.36,1.805,1.85,0.0
RKLB,2025-12-26,63.0,CALL,0.0,0.0,-0.0,0.9809572216796876,1.0,37,0.69,2.82,1.755,1.75,0.0
RKLB,2025-12-26,64.0,CALL,0.0,0.0,-0.0,0.9248054394531251,2.0,5,0.91,1.83,1.37,2.2,0.0
RKLB,2025-12-26,65.0,CALL,0.0,0.0,-0.0,1.0053760668945313,4.0,80,1.1,2.12,1.61,1.39,0.0
RKLB,2025-12-26,66.0,CALL,0.0,0.0,-0.0,0.9692385888671875,1.0,9,0.99,1.68,1.335,1.33,0.0
RKLB,2025-12-26,68.0,CALL,0.0,0.0,-0.0,0.956055126953125,5.0,47,0.45,1.72,1.085,1.26,0.0
RKLB,2025-12-26,69.0,CALL,0.0,0.0,-0.0,0.9960937890625,1.0,67,0.67,1.63,1.15,1.32,0.0
RKLB,2025-12-26,70.0,CALL,0.0,0.0,-0.0,0.9663089306640625,5.0,80,0.62,1.29,0.9550000000000001,1.02,0.0
RKLB,2025-12-26,80.0,CALL,0.0,0.0,-0.0,1.0678757543945316,180.0,76,0.33,1.0,0.665,0.52,0.0
RKLB,2026-01-16,0.5,CALL,1.0,0.0,-6.790458874992631e-05,5.12500359375,1.0,93,43.6,47.55,45.575,50.45,0.0
RKLB,2026-01-16,1.0,CALL,1.0,0.0,-0.00013580917749985263,5.296878378906249,1.0,668,43.35,47.05,45.2,62.22,0.0
RKLB,2026-01-16,1.5,CALL,1.0,0.0,-0.00020371376624977897,3.6250009375000003,2.0,55,42.6,46.55,44.575,56.52,0.0
RKLB,2026-01-16,2.0,CALL,1.0,0.0,-0.00027161835499970525,3.6718758203125006,1.0,303,42.2,46.05,44.125,50.67,0.0
RKLB,2026-01-16,2.5,CALL,1.0,0.0,-0.00033952294374963154,1.0000000000000003e-05,1.0,655,0.0,0.0,0.0,44.1,0.0
RKLB,2026-01-16,3.0,CALL,1.0,0.0,-0.00040742753249955793,3.2578143554687498,1.0,1865,41.25,45.05,43.15,57.22,0.0
RKLB,2026-01-16,3.5,CALL,1.0,0.0,-0.0004753321212494842,3.8593753515625,1.0,423,42.6,43.25,42.925,49.4,0.0
RKLB,2026-01-16,4.0,CALL,1.0,0.0,-0.0005432367099994105,3.5742198144531248,2.0,5394,42.1,42.7,42.400000000000006,48.9,0.0
RKLB,2026-01-16,4.5,CALL,1.0,0.0,-0.0006111412987493368,2.7343781640625,5.0,1296,39.7,43.6,41.650000000000006,48.93,0.0
RKLB,2026-01-16,5.0,CALL,1.0,0.0,-0.0006790458874992631,3.3906265234374997,1.0,4696,41.2,41.8,41.5,50.0,0.0
RKLB,2026-01-16,5.5,CALL,1.0,0.0,-0.0007469504762491895,2.28906677734375,3.0,1246,38.8,42.4,40.599999999999994,57.0,0.0
RKLB,2026-01-16,7.0,CALL,1.0,0.0,-0.0009506642424989684,2.6562533593750004,3.0,8217,39.05,39.7,39.375,38.85,0.0
RKLB,2026-01-16,8.0,CALL,1.0,0.0,-0.001086473419998821,2.156254609375,5.0,67,36.25,40.15,38.2,38.91,0.0
RKLB,2026-01-16,9.0,CALL,1.0,0.0,-0.0012222825974986737,3.848633190917969,1.0,10,38.05,40.45,39.25,29.55,0.0
RKLB,2026-01-16,10.0,CALL,1.0,0.0,-0.0013580917749985261,2.2382856542968748,2.0,11760,36.25,36.65,36.45,37.21,0.0
RKLB,2026-01-16,11.0,CALL,1.0,0.0,-0.001493900952498379,1.671876640625,1.0,11,33.35,36.95,35.150000000000006,42.5,0.0
RKLB,2026-01-16,12.0,CALL,1.0,0.0,-0.0016297101299982317,1.927734736328125,31.0,4659,34.05,34.75,34.4,38.32,0.0
RKLB,2026-01-16,13.0,CALL,1.0,0.0,-0.0017655193074980842,1.484377578125,1.0,19,31.25,35.05,33.15,59.0,0.0
RKLB,2026-01-16,14.0,CALL,1.0,0.0,-0.0019013284849979369,1.3515657421874998,1.0,29,30.8,33.45,32.125,35.1,0.0
RKLB,2026-01-16,15.0,CALL,1.0,0.0,-0.0020371376624977893,1.9072270263671878,1.0,2282,30.5,33.05,31.775,31.98,0.0
RKLB,2026-01-16,16.0,CALL,1.0,0.0,-0.002172946839997642,1.822266513671875,279.0,312,29.55,32.05,30.799999999999997,53.98,0.0
RKLB,2026-01-16,17.0,CALL,1.0,0.0,-0.0023087560174974947,1.53515857421875,1.0,1807,27.95,31.05,29.5,43.74,0.0
RKLB,2026-01-16,18.0,CALL,1.0,0.0,-0.0024445651949973474,1.625001875,1.0,101,27.45,30.1,28.775,35.8,0.0
RKLB,2026-01-16,19.0,CALL,1.0,0.0,-0.0025803743724972,1.228519482421875,1.0,73,25.5,29.1,27.3,42.45,0.0
RKLB,2026-01-16,20.0,CALL,1.0,0.0,-0.0027161835499970523,1.5136743066406249,1.0,8836,25.6,28.15,26.875,27.05,0.0
RKLB,2026-01-16,21.0,CALL,1.0,0.0,-0.0028519927274969054,1.1416058544921874,10.0,54,23.55,27.15,25.35,30.62,0.0
RKLB,2026-01-16,22.0,CALL,1.0,0.0,-0.002987801904996758,1.1630901220703125,2.0,933,22.6,26.35,24.475,30.79,0.0
RKLB,2026-01-16,23.0,CALL,1.0,0.0,-0.0031236110824966108,1.15625421875,2.0,109,21.9,25.25,23.575,26.0,0.0
RKLB,2026-01-16,24.0,CALL,1.0,0.0,-0.0032594202599964634,1.1201215869140624,5.0,247,20.95,24.3,22.625,42.0,0.0
RKLB,2026-01-16,25.0,CALL,1.0,0.0,-0.0033952294374963157,1.0009815576171874,12.0,3214,20.9,22.1,21.5,26.6,0.0
RKLB,2026-01-16,26.0,CALL,1.0,0.0,-0.0035310386149961684,1.2265663671875,3.0,2743,20.0,22.45,21.225,26.96,0.0
RKLB,2026-01-16,27.0,CALL,1.0,0.0,-0.003666847792496021,0.9897461962890625,1.0,2223,19.3,20.15,19.725,19.8,0.0
RKLB,2026-01-16,28.0,CALL,1.0,0.0,-0.0038026569699958737,1.1596721704101562,15.0,609,18.15,20.7,19.424999999999997,20.26,0.0
RKLB,2026-01-16,29.0,CALL,1.0,0.0,-0.003938466147495726,1.1513714306640623,1.0,640,17.45,19.8,18.625,19.13,0.0
RKLB,2026-01-16,30.0,CALL,1.0,0.0,-0.004074275324995579,0.9624027197265624,41.0,4775,16.8,17.5,17.15,16.9,0.0
RKLB,2026-01-16,31.0,CALL,1.0,0.0,-0.004210084502495431,0.9072274902343749,1.0,1904,15.6,16.7,16.15,21.7,0.0
RKLB,2026-01-16,32.0,CALL,1.0,0.0,-0.004345893679995284,1.066655057373047,1.0,426,14.75,17.35,16.05,23.72,0.0
RKLB,2026-01-16,33.0,CALL,1.0,0.0,-0.004481702857495136,1.0734909606933596,3.0,368,14.25,16.5,15.375,15.3,0.0
RKLB,2026-01-16,34.0,CALL,1.0,0.0,-0.004617512034994989,0.9514165014648437,1.0,188,13.25,14.9,14.075,20.6,0.0
RKLB,2026-01-16,35.0,CALL,1.0,0.0,-0.004753321212494842,0.9125985302734375,2.0,2635,12.75,13.6,13.175,13.34,0.0
RKLB,2026-01-16,36.0,CALL,1.0,0.0,-0.004889130389994695,0.9414068359375,6.0,963,12.1,13.2,12.649999999999999,17.5,0.0
RKLB,2026-01-16,37.0,CALL,1.0,0.0,-0.005024939567494547,0.9028330029296875,3.0,1490,11.4,12.15,11.775,15.25,0.0
RKLB,2026-01-16,38.0,CALL,1.0,0.0,-0.0051607487449944,0.9455571850585938,36.0,334,10.8,12.0,11.4,12.0,0.0
RKLB,2026-01-16,39.0,CALL,1.0,0.0,-0.005296557922494252,0.929688203125,11.0,2201,10.2,11.2,10.7,11.22,0.0
RKLB,2026-01-16,40.0,CALL,1.0,0.0,-0.005432367099994105,0.9147957739257813,43.0,7837,9.65,10.4,10.025,9.8,0.0
RKLB,2026-01-16,41.0,CALL,1.0,3.7099848760396715e-238,-0.005568176277493958,0.9045419702148438,8.0,364,8.95,9.85,9.399999999999999,9.65,1.227242810719332e-239
RKLB,2026-01-16,42.0,CALL,1.0,3.236990238391345e-152,-0.005703985454993811,0.9125985302734375,2.0,1274,8.55,9.3,8.925,9.15,1.080315953422814e-153
RKLB,2026-01-16,43.0,CALL,1.0,8.340167703521147e-88,-0.005839794632493662,0.9204109521484375,3.0,441,7.95,9.0,8.475,9.04,2.807283002120758e-89
RKLB,2026-01-16,44.0,CALL,1.0,1.7260263484982478e-46,-0.005975603809993516,0.8874522973632811,3.0,344,7.4,8.1,7.75,8.55,5.60172873140541e-48
RKLB,2026-01-16,45.0,CALL,0.9999999999999999,3.753489530916254e-15,-0.0061114129874933676,0.91211025390625,210.0,2229,7.35,7.6,7.475,7.42,1.2520226387537756e-16
RKLB,2026-01-16,46.0,CALL,0.9933168962493768,0.1082258149055159,-0.0062306897355084365,0.9038095556640625,94.0,1093,6.8,7.15,6.975,6.85,0.0035771522759579562
RKLB,2026-01-16,47.0,CALL,0.0005821899541083285,0.011814268826190688,-6.4789549012103385e-06,0.9055185229492188,143.0,844,6.35,6.8,6.574999999999999,6.55,0.00039123150656054256
RKLB,2026-01-16,48.0,CALL,4.247672463342421e-19,2.201090685317374e-17,-7.904275750509525e-21,0.9045419702148438,27.0,510,5.95,6.4,6.175000000000001,6.05,7.28108822422097e-19
RKLB,2026-01-16,49.0,CALL,2.645742909263955e-47,2.2217844490372085e-45,-6.90136934107428e-49,0.9008798974609374,14.0,558,5.6,5.95,5.775,5.75,7.319787166551152e-47
RKLB,2026-01-16,50.0,CALL,6.137783674773389e-84,6.774558943449841e-82,-2.0526671349791163e-85,0.9204109521484375,546.0,7672,5.5,5.65,5.575,5.55,2.280302368594174e-83
RKLB,2026-01-16,55.0,CALL,0.0,0.0,-0.0,0.9291999267578125,301.0,6288,4.1,4.2,4.15,3.99,0.0
RKLB,2026-01-16,60.0,CALL,0.0,0.0,-0.0,0.9313971704101562,1545.0,11251,2.95,3.15,3.05,2.95,0.0
RKLB,2026-01-16,65.0,CALL,0.0,0.0,-0.0,0.937500625,376.0,3809,2.17,2.35,2.26,2.23,0.0
RKLB,2026-01-16,70.0,CALL,0.0,0.0,-0.0,0.9545902978515625,505.0,4973,1.66,1.82,1.74,1.73,0.0
RKLB,2026-01-16,75.0,CALL,0.0,0.0,-0.0,0.9643558251953125,142.0,3134,1.2,1.45,1.325,1.31,0.0
RKLB,2026-01-16,80.0,CALL,0.0,0.0,-0.0,1.000005,649.0,8916,1.05,1.2,1.125,1.1,0.0
RKLB,2026-01-16,85.0,CALL,0.0,0.0,-0.0,1.0200244311523439,82.0,1208,0.85,0.99,0.9199999999999999,0.92,0.0
RKLB,2026-01-16,90.0,CALL,0.0,0.0,-0.0,1.0434618139648442,59.0,1851,0.71,0.84,0.7749999999999999,0.74,0.0
RKLB,2026-01-16,95.0,CALL,0.0,0.0,-0.0,1.0410204199218753,4.0,224,0.44,0.74,0.59,0.59,0.0
RKLB,2026-01-16,100.0,CALL,0.0,0.0,-0.0,1.0888717431640624,62.0,3726,0.5,0.65,0.575,0.53,0.0
RKLB,2026-01-16,105.0,CALL,0.0,0.0,-0.0,1.1518597094726561,40.0,917,0.34,0.88,0.61,0.6,0.0
RKLB,2026-01-16,110.0,CALL,0.0,0.0,-0.0,1.1259809326171877,454.0,3447,0.39,0.48,0.435,0.4,0.0
RKLB,2026-04-17,25.0,CALL,1.0,0.0,-0.003353168052610717,1.1140181018066406,13.0,141,22.5,24.9,23.7,23.0,0.0
RKLB,2026-04-17,30.0,CALL,1.0,0.0,-0.00402380166313286,0.9670413452148439,12.0,203,18.75,20.1,19.425,20.1,0.0
RKLB,2026-04-17,35.0,CALL,1.0,0.0,-0.0046944352736550034,1.0210009887695315,19.0,203,16.0,17.9,16.95,17.0,0.0
RKLB,2026-04-17,36.0,CALL,1.0,0.0,-0.004828561995759433,0.983398603515625,2.0,21,15.45,16.7,16.075,19.7,0.0
RKLB,2026-04-17,37.0,CALL,1.0,5.944447186116078e-297,-0.004962688717863861,0.99804689453125,7.0,579,14.8,16.6,15.700000000000001,15.76,5.303617887821138e-298
RKLB,2026-04-17,38.0,CALL,1.0,1.6946610545563434e-260,-0.005096815439968289,0.9470220141601562,12.0,88,14.3,15.1,14.7,15.55,1.4346723543877493e-261
RKLB,2026-04-17,39.0,CALL,1.0,1.7403062499602831e-205,-0.005230942162072719,0.936402003173828,3.0,119,13.65,14.55,14.100000000000001,14.23,1.456792913268972e-206
RKLB,2026-04-17,40.0,CALL,1.0,9.077548392630868e-150,-0.005365068884177147,0.9487309814453124,32.0,1068,13.5,14.0,13.75,14.0,7.698772068131763e-151
RKLB,2026-04-17,41.0,CALL,1.0,1.5826400643836482e-108,-0.005499195606281575,0.9448247705078124,4.0,103,12.9,13.6,13.25,13.25,1.3367285765648079e-109
RKLB,2026-04-17,42.0,CALL,1.0,7.429172962192898e-65,-0.005633322328386005,1.0090381579589844,74.0,112,12.35,14.65,13.5,17.07,6.701281559827294e-66
RKLB,2026-04-17,43.0,CALL,1.0,3.0362594437278066e-41,-0.005767449050490433,1.0039112304687499,2.0,189,11.85,14.2,13.024999999999999,15.0,2.724858768382895e-42
RKLB,2026-04-17,44.0,CALL,1.0,8.949739177128245e-27,-0.005901575772594862,0.9279792358398438,5.0,127,11.45,12.1,11.774999999999999,12.25,7.424350109591418e-28
RKLB,2026-04-17,45.0,CALL,0.9999999999982776,4.223861937405619e-11,-0.006035702494699905,0.967895828857422,53.0,1546,11.6,12.05,11.825,11.5,3.6546697512731595e-12
RKLB,2026-04-17,46.0,CALL,0.9997596958737065,0.003134393521714141,-0.006169149727594955,0.959839268798828,9.0,278,10.9,11.8,11.350000000000001,11.24,0.00026894398830185686
RKLB,2026-04-17,47.0,CALL,0.5170346864273604,1.4214049685083827,-0.0036069321223380344,0.9378668322753907,70.0,418,10.4,11.05,10.725000000000001,10.6,0.11917051402782754
RKLB,2026-04-17,48.0,CALL,0.0003738369452710182,0.004780807319871677,-3.6043462400214214e-06,0.9494633959960936,18.0,687,10.4,10.6,10.5,10.36,0.0004057787250412624
RKLB,2026-04-17,49.0,CALL,6.814043552257488e-12,1.668737883083762e-10,-8.598632315276667e-14,0.9428716650390624,18.0,474,9.85,10.3,10.075,10.15,1.4065349108867618e-11
RKLB,2026-04-17,50.0,CALL,1.456644470082936e-22,4.8863973200814554e-21,-2.273135966338342e-24,0.9775392871093751,157.0,2322,9.6,10.7,10.149999999999999,10.13,4.270048462001212e-22
RKLB,2026-04-17,55.0,CALL,3.205237623911523e-142,2.8589839689801274e-140,-9.54917062375798e-144,0.9525151232910156,214.0,2731,8.15,8.55,8.350000000000001,8.26,2.4344082219136455e-141
RKLB,2026-04-17,60.0,CALL,0.0,0.0,-0.0,0.9660647924804688,373.0,7533,7.1,7.4,7.25,7.1,0.0
RKLB,2026-04-17,65.0,CALL,0.0,0.0,-0.0,0.9691165197753906,312.0,2787,6.1,6.35,6.225,6.1,0.0
RKLB,2026-04-17,70.0,CALL,0.0,0.0,-0.0,0.9772951489257813,1241.0,9801,5.35,5.5,5.425,5.45,0.0
RKLB,2026-04-17,75.0,CALL,0.0,0.0,-0.0,0.9758303198242189,113.0,1004,4.5,4.8,4.65,4.66,0.0
RKLB,2026-04-17,80.0,CALL,0.0,0.0,-0.0,0.9870606762695313,324.0,3327,4.05,4.2,4.125,4.15,0.0
RKLB,2026-04-17,85.0,CALL,0.0,0.0,-0.0,1.009770576171875,41.0,464,3.45,4.15,3.8000000000000003,3.85,0.0
RKLB,2026-04-17,90.0,CALL,0.0,0.0,-0.0,1.0078174609375,1192.0,2977,3.2,3.4,3.3,3.31,0.0
RKLB,2026-04-17,95.0,CALL,0.0,0.0,-0.0,1.0119678308105469,196.0,420,2.75,3.1,2.925,2.75,0.0
RKLB,2026-04-17,100.0,CALL,0.0,0.0,-0.0,1.0170947583007814,1376.0,13505,2.58,2.64,2.6100000000000003,2.57,0.0
RKLB,2026-04-17,105.0,CALL,0.0,0.0,-0.0,1.0095264367675783,7.0,170,1.98,2.5,2.24,2.4,0.0
RKLB,2026-04-17,110.0,CALL,0.0,0.0,-0.0,1.031743122558594,86.0,2145,1.95,2.33,2.14,2.1,0.0
RKLB,2026-12-18,0.5,CALL,,,,0.0,2.0,36,43.0,48.0,45.5,58.0,
RKLB,2026-12-18,1.0,CALL,,,,0.0,9.0,15,42.5,47.5,45.0,52.5,
RKLB,2026-12-18,1.5,CALL,1.0,0.0,-0.00019454986483815007,1.0000000000000003e-05,2.0,0,0.0,0.0,0.0,52.23,0.0
RKLB,2026-12-18,2.0,CALL,1.0,0.0,-0.00025939981978420005,1.7304700976562502,1.0,36,42.0,46.5,44.25,50.68,0.0
RKLB,2026-12-18,2.5,CALL,1.0,0.0,-0.00032424977473025004,1.5820333398437496,1.0,4,41.5,46.0,43.75,66.89,0.0
RKLB,2026-12-18,3.0,CALL,1.0,0.0,-0.00038909972967630013,1.46484642578125,100.0,965,41.0,45.5,43.25,58.0,0.0
RKLB,2026-12-18,3.5,CALL,1.0,0.0,-0.00045394968462235006,1.0000000000000003e-05,2.0,125,39.75,41.85,40.8,37.8,0.0
RKLB,2026-12-18,4.0,CALL,1.0,0.0,-0.0005187996395684001,1.29297228515625,20.0,507,40.0,44.5,42.25,61.32,0.0
RKLB,2026-12-18,4.5,CALL,1.0,0.0,-0.00058364959451445,1.4375028125,1.0,451,40.0,44.0,42.0,60.0,0.0
RKLB,2026-12-18,5.0,CALL,1.0,0.0,-0.0006484995494605001,1.3642609912109376,18.0,950,39.5,43.5,41.5,55.5,0.0
RKLB,2026-12-18,5.5,CALL,1.0,0.0,-0.0007133495044065501,1.4453152734375,1.0,508,39.5,43.0,41.25,43.26,0.0
RKLB,2026-12-18,7.0,CALL,1.0,0.0,-0.0009078993692447001,1.4716823291015624,1.0,1857,38.5,42.0,40.25,44.14,0.0
RKLB,2026-12-18,10.0,CALL,1.0,0.0,-0.0012969990989210001,1.1723674194335936,1.0,1849,35.55,38.9,37.224999999999994,44.45,0.0
RKLB,2026-12-18,12.0,CALL,1.0,0.0,-0.0015563989187052005,1.1367230664062502,1.0,3237,35.05,36.25,35.65,55.9,0.0
RKLB,2026-12-18,15.0,CALL,1.0,0.0,-0.0019454986483815001,1.1120649865722658,2.0,478,32.0,35.0,33.5,38.5,0.0
RKLB,2026-12-18,17.0,CALL,1.0,0.0,-0.0022048984681657005,1.0122119702148438,2.0,367,30.5,32.65,31.575,31.61,0.0
RKLB,2026-12-18,20.0,CALL,1.0,0.0,-0.0025939981978420003,0.9887696435546875,3.0,741,27.5,31.5,29.5,30.7,0.0
RKLB,2026-12-18,22.0,CALL,1.0,0.0,-0.0028533980176262005,0.9958496508789063,5.0,298,27.5,29.25,28.375,28.0,0.0
RKLB,2026-12-18,25.0,CALL,1.0,0.0,-0.0032424977473025,0.997924825439453,2.0,2025,25.0,28.5,26.75,27.35,0.0
RKLB,2026-12-18,27.0,CALL,1.0,0.0,-0.0035018975670867004,0.9331061376953125,13.0,198,24.0,26.0,25.0,28.9,0.0
RKLB,2026-12-18,30.0,CALL,1.0,0.0,-0.0038909972967630002,0.945313046875,6.0,2184,22.8,24.5,23.65,27.3,0.0
RKLB,2026-12-18,32.0,CALL,1.0,0.0,-0.004150397116547201,0.9376226940917969,10.0,252,21.75,23.5,22.625,26.6,0.0
RKLB,2026-12-18,35.0,CALL,1.0,5.993853269346474e-244,-0.004539496846223501,0.9393316613769531,6.0,1114,21.05,21.65,21.35,21.16,1.3040283979850727e-244
RKLB,2026-12-18,37.0,CALL,1.0,1.3108361714527356e-162,-0.0047988966660077,0.9567875415039062,1.0,622,19.4,22.2,20.799999999999997,22.2,2.904864703390342e-163
RKLB,2026-12-18,40.0,CALL,1.0,2.2271901955028358e-91,-0.005187996395684001,0.9135750830078125,19.0,3794,18.55,19.45,19.0,19.0,4.712632057067274e-92
RKLB,2026-12-18,42.0,CALL,1.0,4.2052493239993344e-50,-0.005447396215468201,0.9285895812988281,1.0,256,18.05,19.0,18.525,19.0,9.044353683860444e-51
RKLB,2026-12-18,45.0,CALL,0.9999999999999994,1.1149156729244745e-14,-0.005836495945144499,0.9243171630859376,23.0,658,17.0,17.9,17.45,17.5,2.386849406224322e-15
RKLB,2026-12-18,47.0,CALL,0.9997494781940225,0.0020886599850448344,-0.00609483686802247,0.9302985485839843,6.0,1003,16.3,17.55,16.925,17.04,0.0004500409895348704
RKLB,2026-12-18,50.0,CALL,0.0020750150749431415,0.014567878098303786,-1.674347674488314e-05,0.9350592431640624,55.0,1156,15.9,16.35,16.125,16.01,0.0031549857886093674
RKLB,2026-12-18,55.0,CALL,3.574566728035259e-37,1.0193994067160213e-35,-4.810852481523934e-39,0.9299323413085938,26.0,2530,14.4,15.0,14.7,14.41,2.1956226860616447e-36
RKLB,2026-12-18,60.0,CALL,7.828596229260362e-101,3.671207972468947e-99,-1.4453372651203635e-102,0.945190977783203,51.0,806,13.15,14.45,13.8,13.25,8.036936487534918e-100
RKLB,2026-12-18,65.0,CALL,1.767822456109394e-197,1.188241257914455e-195,-4.0787593286276846e-199,0.9271247521972656,6.0,891,12.0,12.8,12.4,12.38,2.551554122049575e-196
RKLB,2026-12-18,70.0,CALL,4.7658025148122094e-303,3.931801453948114e-301,-1.303149996758637e-304,0.9373785559082031,35.0,741,11.0,12.3,11.65,11.5,8.536278467420485e-302
RKLB,2026-12-18,75.0,CALL,0.0,0.0,-0.0,0.9193123303222657,6.0,1462,10.05,10.85,10.45,10.3,0.0
RKLB,2026-12-18,80.0,CALL,0.0,0.0,-0.0,0.9293219958496093,78.0,2751,9.5,10.25,9.875,9.8,0.0
RKLB,2026-12-18,85.0,CALL,0.0,0.0,-0.0,0.9263923376464844,5.0,175,8.7,9.55,9.125,9.6,0.0
RKLB,2026-12-18,90.0,CALL,0.0,0.0,-0.0,0.9437261486816406,25.0,388,8.35,9.3,8.825,8.55,0.0
RKLB,2026-12-18,95.0,CALL,0.0,0.0,-0.0,0.9504399487304687,1.0,63,7.35,9.4,8.375,8.6,0.0
RKLB,2026-12-18,100.0,CALL,0.0,0.0,-0.0,0.945190977783203,48.0,642,7.35,8.15,7.75,7.7,0.0
RKLB,2026-12-18,105.0,CALL,0.0,0.0,-0.0,0.9674075524902344,41.0,49,7.0,8.35,7.675,9.8,0.0
RKLB,2026-12-18,110.0,CALL,0.0,0.0,-0.0,0.9254157849121094,30.0,1043,5.8,7.15,6.475,6.8,0.0
RKLB,2027-01-15,2.0,CALL,1.0,0.0,-0.0002584067672730753,1.673829755859375,1.0,291,42.0,46.5,44.25,54.59,0.0
RKLB,2027-01-15,3.0,CALL,1.0,0.0,-0.0003876101509096129,1.4179716601562502,1.0,43,41.0,45.5,43.25,66.0,0.0
RKLB,2027-01-15,4.0,CALL,1.0,0.0,-0.0005168135345461506,1.2753942480468747,4.0,536,40.05,44.5,42.275,54.0,0.0
RKLB,2027-01-15,5.0,CALL,1.0,0.0,-0.0006460169181826881,1.6621110644531252,2.0,520,40.75,43.5,42.125,47.42,0.0
RKLB,2027-01-15,7.0,CALL,1.0,0.0,-0.0009044236854557634,1.4228544482421874,2.0,1105,38.5,42.0,40.25,49.25,0.0
RKLB,2027-01-15,10.0,CALL,1.0,0.0,-0.0012920338363653762,1.154301103515625,6.0,1716,35.1,39.5,37.3,44.53,0.0
RKLB,2027-01-15,12.0,CALL,1.0,0.0,-0.0015504406036384517,0.9750979052734375,1.0,4187,33.9,36.35,35.125,42.89,0.0
RKLB,2027-01-15,15.0,CALL,1.0,0.0,-0.0019380507545480644,0.99023447265625,10.0,2774,32.35,33.65,33.0,33.6,0.0
RKLB,2027-01-15,17.0,CALL,1.0,0.0,-0.00219645752182114,1.107426337890625,1.0,1034,30.95,34.0,32.475,33.03,0.0
RKLB,2027-01-15,20.0,CALL,1.0,0.0,-0.0025840676727307524,0.9650882397460938,154.0,3956,29.05,30.1,29.575000000000003,29.51,0.0
RKLB,2027-01-15,22.0,CALL,1.0,0.0,-0.0028424744400038283,1.0185595947265624,5.0,798,27.3,30.5,28.9,33.0,0.0
RKLB,2027-01-15,25.0,CALL,1.0,0.0,-0.003230084590913441,0.9880372290039063,51.0,2195,25.0,29.0,27.0,32.5,0.0
RKLB,2027-01-15,27.0,CALL,1.0,0.0,-0.003488491358186516,1.0200244311523439,8.0,1146,25.5,27.25,26.375,26.25,0.0
RKLB,2027-01-15,30.0,CALL,1.0,0.0,-0.003876101509096129,0.9699710034179687,12.0,4777,23.7,25.05,24.375,24.5,0.0
RKLB,2027-01-15,32.0,CALL,1.0,0.0,-0.004134508276369205,0.9962158581542968,5.0,707,22.85,24.85,23.85,25.05,0.0
RKLB,2027-01-15,35.0,CALL,1.0,1.0563253150004755e-239,-0.004522118427278817,0.9267585449218749,8.0,8361,21.3,21.95,21.625,21.7,2.426505316624073e-240
RKLB,2027-01-15,37.0,CALL,1.0,2.5180090682700543e-171,-0.004780525194551892,0.9135750830078125,8.0,2399,20.1,21.15,20.625,21.15,5.701885556067033e-172
RKLB,2027-01-15,40.0,CALL,1.0,1.0210779590008248e-79,-0.005168135345461505,0.9649661706542969,50.0,4781,19.55,21.1,20.325000000000003,19.5,2.4422378083163383e-80
RKLB,2027-01-15,42.0,CALL,1.0,9.514358074499913e-48,-0.005426542112734581,0.944214425048828,4.0,1616,18.1,20.5,19.3,18.85,2.2267275554463905e-48
RKLB,2027-01-15,45.0,CALL,0.9999999999999991,1.4525676035814125e-14,-0.005814152263644192,0.9425664923095702,61.0,2147,18.05,18.55,18.3,18.0,3.39363641280796e-15
RKLB,2027-01-15,47.0,CALL,0.9999119632396242,0.0007592976185973424,-0.006072192765948982,0.9289557885742188,40.0,1161,17.2,17.7,17.45,17.32,0.00017483325508150857
RKLB,2027-01-15,50.0,CALL,0.008335705714762146,0.048867905519248855,-6.475987236872582e-05,0.9340826904296875,77.0,6253,16.55,16.8,16.675,16.45,0.011314256237155436
RKLB,2027-01-15,55.0,CALL,3.0818752900696576e-33,8.06223287505302e-32,-3.940341480444726e-35,0.9241950939941408,45.0,1618,14.85,15.5,15.175,15.29,1.8468684298856767e-32
RKLB,2027-01-15,60.0,CALL,4.470253987508585e-92,1.9460723680124785e-90,-7.804940684829844e-94,0.9396978686523438,184.0,1749,13.5,15.1,14.3,14.0,4.5327752767002356e-91
RKLB,2027-01-15,65.0,CALL,2.514168423130386e-174,1.5095474592207373e-172,-5.472706452384823e-176,0.9420171813964844,119.0,3161,12.6,14.0,13.3,13.0,3.524703224375287e-173
RKLB,2027-01-15,70.0,CALL,1.2303781762784475e-288,9.76712147441397e-287,-3.1691810984094796e-290,0.9188850885009765,166.0,2783,11.65,12.15,11.9,12.0,2.2245632245708833e-287
RKLB,2027-01-15,75.0,CALL,0.0,0.0,-0.0,0.9213875048828125,12.0,528,10.9,11.3,11.100000000000001,11.1,0.0
RKLB,2027-01-15,80.0,CALL,0.0,0.0,-0.0,0.9261481994628906,80.0,7050,10.25,10.6,10.425,10.4,0.0
RKLB,2027-01-15,85.0,CALL,0.0,0.0,-0.0,0.9272468212890624,10.0,267,9.45,10.05,9.75,13.06,0.0
RKLB,2027-01-15,90.0,CALL,0.0,0.0,-0.0,0.9353644158935546,47.0,651,8.95,9.6,9.274999999999999,9.11,0.0
RKLB,2027-01-15,95.0,CALL,0.0,0.0,-0.0,0.9853517089843751,10.0,127,8.35,11.0,9.675,8.85,0.0
RKLB,2027-01-15,100.0,CALL,0.0,0.0,-0.0,0.946289599609375,31.0,5922,8.05,8.7,8.375,8.23,0.0
RKLB,2027-01-15,105.0,CALL,0.0,0.0,-0.0,0.9666751379394531,2.0,67,7.55,9.0,8.275,7.6,0.0
RKLB,2027-01-15,110.0,CALL,0.0,0.0,-0.0,0.9392095922851562,126.0,1580,7.05,7.55,7.3,7.22,0.0
RKLB,2028-01-21,25.0,CALL,0.8879460544372229,0.0029324180031643434,-0.00905416664068078,0.9547123669433593,164.0,496,29.0,31.75,30.375,30.6,0.12968519580337637
RKLB,2028-01-21,30.0,CALL,0.8617641049526287,0.003377822249996885,-0.010396531300860986,0.959839268798828,10.0,660,27.25,30.0,28.625,29.0,0.15018525024942053
RKLB,2028-01-21,35.0,CALL,0.8312548396888579,0.004050485321700904,-0.011306120658700791,0.9135750830078125,18.0,104,24.95,27.4,26.174999999999997,26.15,0.1714128143368421
RKLB,2028-01-21,40.0,CALL,0.8055632364159319,0.004413970961250387,-0.012280291443051606,0.916138533935547,19.0,1592,24.25,25.2,24.725,24.5,0.18731933134922027
RKLB,2028-01-21,45.0,CALL,0.779351763280786,0.0047956634049902925,-0.013057744894255891,0.9086923193359374,8.0,302,22.25,24.2,23.225,22.6,0.2018633737753164
RKLB,2028-01-21,50.0,CALL,0.7528101147001001,0.0051726459320698805,-0.013682127907783313,0.897217824707031,27.0,2866,21.4,22.1,21.75,21.64,0.21498225876386978
RKLB,2028-01-21,55.0,CALL,0.7263873461343319,0.0055245979016782,-0.014183894927899522,0.8851940191650391,60.0,903,19.9,20.8,20.35,20.32,0.226532814998396
RKLB,2028-01-21,60.0,CALL,0.7053555264325018,0.005691259502673384,-0.014703479641426726,0.8902598864746092,27.0,684,19.0,19.9,19.45,19.4,0.23470220535433367
RKLB,2028-01-21,65.0,CALL,0.6851529864882844,0.00583997409820888,-0.015135727418185644,0.893555751953125,14.0,1225,17.7,19.5,18.6,18.14,0.24172666058205056
RKLB,2028-01-21,70.0,CALL,0.6661048621924228,0.005961892166569324,-0.015502441212355621,0.8966685137939452,17.0,1130,17.0,18.65,17.825,17.6,0.24763271159834196
RKLB,2028-01-21,75.0,CALL,0.6463667882875214,0.006102378454448662,-0.015772000006937344,0.8951426501464843,1135.0,3497,16.25,17.75,17.0,16.75,0.25303661245475867
RKLB,2028-01-21,80.0,CALL,0.6332863944747453,0.006094472578922213,-0.016125914982581875,0.9075936975097656,2.0,198,14.7,18.5,16.6,15.52,0.2562238634857682
RKLB,2028-01-21,85.0,CALL,0.6115300776560398,0.006276486566368686,-0.016211854115016633,0.8971567901611326,1.0,97,14.3,17.0,15.65,14.85,0.26084164400636034
RKLB,2028-01-21,90.0,CALL,0.5776288888355583,0.006677905851770713,-0.01592568976187814,0.8610853735351562,4.0,357,13.3,14.8,14.05,14.2,0.26636581103556106
RKLB,2028-01-21,95.0,CALL,0.5710579604518062,0.006547171504567858,-0.016273886112742518,0.8810436700439452,1.0,211,12.6,15.4,14.0,15.86,0.2672041072535868
RKLB,2028-01-21,100.0,CALL,0.5511989833901313,0.006660877582947274,-0.016231629043481306,0.8727429718017576,6.0,2559,12.5,13.95,13.225,14.0,0.2692835281873819
RKLB,2028-01-21,105.0,CALL,0.539494910216457,0.006637370280967178,-0.016360347579191838,0.8787853918457031,2.0,165,11.85,13.9,12.875,13.9,0.2701909834626104
RKLB,2028-01-21,110.0,CALL,0.5315416356727551,0.0065648738476836695,-0.01655488217088439,0.890076782836914,195.0,9756,12.0,13.4,12.7,12.35,0.2706735597135068
